SKU,Item Name,Order URL,Order Number,Order Line Status,Preferred Origin Facility,Brand,Custom Reference,Orderline Number,Priority,Date,Channel,Quantity
"<a href=""https://shipper.stord.com/distribution_networks/a5d95507-781a-48fa-8b25-300938c92524/items/aa62ff26-9897-4af1-b2f3-e8234168ec75"" target=""_blank"" style=""color:  #1463FF"">WCR02</a>",Coconut & Vanilla Deodorant Refill,"<a href=""https://shipper.stord.com/distribution_networks/a5d95507-781a-48fa-8b25-300938c92524/orders/9311cfbb-60b7-4755-b835-16e2463aed97"" target=""_blank"" style=""color:  #1463FF"">FF5227764</a>",FF5227764,backordered,,Wild,,1,Medium,2026-06-25,D2C,3
"<a href=""https://shipper.stord.com/distribution_networks/a5d95507-781a-48fa-8b25-300938c92524/items/aa62ff26-9897-4af1-b2f3-e8234168ec75"" target=""_blank"" style=""color:  #1463FF"">WCR02</a>",Coconut & Vanilla Deodorant Refill,"<a href=""https://shipper.stord.com/distribution_networks/a5d95507-781a-48fa-8b25-300938c92524/orders/b2cb5029-7df6-41a2-86be-7e36a0553c17"" target=""_blank"" style=""color:  #1463FF"">FF5228077</a>",FF5228077,backordered,,Wild,,1,Medium,2026-06-25,D2C,3
"<a href=""https://shipper.stord.com/distribution_networks/a5d95507-781a-48fa-8b25-300938c92524/items/1c7748c8-a8f2-4875-bae6-389588eeee6a"" target=""_blank"" style=""color:  #1463FF"">WCC747</a>",EB Bees Deodorant Case,"<a href=""https://shipper.stord.com/distribution_networks/a5d95507-781a-48fa-8b25-300938c92524/orders/901cda13-86bf-485e-ae2e-8c21fe0c72c2"" target=""_blank"" style=""color:  #1463FF"">FF5228800</a>",FF5228800,on_hold,,Wild,,1,Medium,2026-06-25,D2C,1
"<a href=""https://shipper.stord.com/distribution_networks/a5d95507-781a-48fa-8b25-300938c92524/items/a30b4e50-b53f-40bd-a4c9-256af4016d1e"" target=""_blank"" style=""color:  #1463FF"">WCR1179</a>",Coconut & Vanilla (TARGET) Deodorant Refill,"<a href=""https://shipper.stord.com/distribution_networks/a5d95507-781a-48fa-8b25-300938c92524/orders/901cda13-86bf-485e-ae2e-8c21fe0c72c2"" target=""_blank"" style=""color:  #1463FF"">FF5228800</a>",FF5228800,on_hold,,Wild,,4,Medium,2026-06-25,D2C,1
"<a href=""https://shipper.stord.com/distribution_networks/a5d95507-781a-48fa-8b25-300938c92524/items/c6402eb8-e2b0-4627-8ce4-fd9cf7d808a6"" target=""_blank"" style=""color:  #1463FF"">WCR3207</a>",Deo Refill: Cotton Cloud,"<a href=""https://shipper.stord.com/distribution_networks/a5d95507-781a-48fa-8b25-300938c92524/orders/901cda13-86bf-485e-ae2e-8c21fe0c72c2"" target=""_blank"" style=""color:  #1463FF"">FF5228800</a>",FF5228800,on_hold,,Wild,,3,Medium,2026-06-25,D2C,1
"<a href=""https://shipper.stord.com/distribution_networks/a5d95507-781a-48fa-8b25-300938c92524/items/de2a753a-e805-4d20-814b-61e4eda8708d"" target=""_blank"" style=""color:  #1463FF"">WCR1103</a>",Vanilla Buttercream Deo Refill,"<a href=""https://shipper.stord.com/distribution_networks/a5d95507-781a-48fa-8b25-300938c92524/orders/901cda13-86bf-485e-ae2e-8c21fe0c72c2"" target=""_blank"" style=""color:  #1463FF"">FF5228800</a>",FF5228800,on_hold,,Wild,,2,Medium,2026-06-25,D2C,1
"<a href=""https://shipper.stord.com/distribution_networks/a5d95507-781a-48fa-8b25-300938c92524/items/94bcdb54-c2ad-42f4-b307-15a41e41a6c3"" target=""_blank"" style=""color:  #1463FF"">WMIN24</a>",Fresh Cotton mini deodorant,"<a href=""https://shipper.stord.com/distribution_networks/a5d95507-781a-48fa-8b25-300938c92524/orders/f3d851bf-9e6c-4a25-86c1-f6afa09bf001"" target=""_blank"" style=""color:  #1463FF"">FF5229582</a>",FF5229582,on_hold,,Wild,,3,Medium,2026-06-25,D2C,1
"<a href=""https://shipper.stord.com/distribution_networks/a5d95507-781a-48fa-8b25-300938c92524/items/a30b4e50-b53f-40bd-a4c9-256af4016d1e"" target=""_blank"" style=""color:  #1463FF"">WCR1179</a>",Coconut & Vanilla (TARGET) Deodorant Refill,"<a href=""https://shipper.stord.com/distribution_networks/a5d95507-781a-48fa-8b25-300938c92524/orders/f3d851bf-9e6c-4a25-86c1-f6afa09bf001"" target=""_blank"" style=""color:  #1463FF"">FF5229582</a>",FF5229582,on_hold,,Wild,,2,Medium,2026-06-25,D2C,1
"<a href=""https://shipper.stord.com/distribution_networks/a5d95507-781a-48fa-8b25-300938c92524/items/de2a753a-e805-4d20-814b-61e4eda8708d"" target=""_blank"" style=""color:  #1463FF"">WCR1103</a>",Vanilla Buttercream Deo Refill,"<a href=""https://shipper.stord.com/distribution_networks/a5d95507-781a-48fa-8b25-300938c92524/orders/f3d851bf-9e6c-4a25-86c1-f6afa09bf001"" target=""_blank"" style=""color:  #1463FF"">FF5229582</a>",FF5229582,on_hold,,Wild,,1,Medium,2026-06-25,D2C,1
"<a href=""https://shipper.stord.com/distribution_networks/a5d95507-781a-48fa-8b25-300938c92524/items/f114c4b4-2fe1-4506-b6c4-acfd00b14d1c"" target=""_blank"" style=""color:  #1463FF"">WCR507</a>",Thunderstorm Deodorant Refill,"<a href=""https://shipper.stord.com/distribution_networks/a5d95507-781a-48fa-8b25-300938c92524/orders/c1865bfd-8b00-485e-85b3-7ff71f5196b8"" target=""_blank"" style=""color:  #1463FF"">FF5230400</a>",FF5230400,on_hold,,Wild,,1,Medium,2026-06-25,D2C,1
"<a href=""https://shipper.stord.com/distribution_networks/a5d95507-781a-48fa-8b25-300938c92524/items/b05187b4-c73b-4cc1-9daa-25d679bf10d2"" target=""_blank"" style=""color:  #1463FF"">WCRS3815</a>",Deo Refill: Cotton Cloud Sensitive,"<a href=""https://shipper.stord.com/distribution_networks/a5d95507-781a-48fa-8b25-300938c92524/orders/c1865bfd-8b00-485e-85b3-7ff71f5196b8"" target=""_blank"" style=""color:  #1463FF"">FF5230400</a>",FF5230400,on_hold,,Wild,,3,Medium,2026-06-25,D2C,1
"<a href=""https://shipper.stord.com/distribution_networks/a5d95507-781a-48fa-8b25-300938c92524/items/3efd2806-3212-4fec-8252-9187c7753174"" target=""_blank"" style=""color:  #1463FF"">WCR348</a>",Mint & Aloe Vera Deodorant Refill,"<a href=""https://shipper.stord.com/distribution_networks/a5d95507-781a-48fa-8b25-300938c92524/orders/c1865bfd-8b00-485e-85b3-7ff71f5196b8"" target=""_blank"" style=""color:  #1463FF"">FF5230400</a>",FF5230400,on_hold,,Wild,,2,Medium,2026-06-25,D2C,1
"<a href=""https://shipper.stord.com/distribution_networks/a5d95507-781a-48fa-8b25-300938c92524/items/54b1a6d7-07fc-4c09-938b-3dad6e22b9f5"" target=""_blank"" style=""color:  #1463FF"">WCRS1894</a>",Cola sens. Deodorant Refill,"<a href=""https://shipper.stord.com/distribution_networks/a5d95507-781a-48fa-8b25-300938c92524/orders/26847b8e-604d-4861-9ce8-2d13585f19e2"" target=""_blank"" style=""color:  #1463FF"">FF5193918</a>",FF5193918,backordered,ATLs001,Wild,US893699,1,Medium,2026-06-24,D2C,1
"<a href=""https://shipper.stord.com/distribution_networks/a5d95507-781a-48fa-8b25-300938c92524/items/54b1a6d7-07fc-4c09-938b-3dad6e22b9f5"" target=""_blank"" style=""color:  #1463FF"">WCRS1894</a>",Cola sens. Deodorant Refill,"<a href=""https://shipper.stord.com/distribution_networks/a5d95507-781a-48fa-8b25-300938c92524/orders/9b9ed578-56c7-45f3-a070-7aa91a7a890b"" target=""_blank"" style=""color:  #1463FF"">FF5194037</a>",FF5194037,backordered,ATLs001,Wild,US893752,1,Medium,2026-06-24,D2C,1
"<a href=""https://shipper.stord.com/distribution_networks/a5d95507-781a-48fa-8b25-300938c92524/items/54b1a6d7-07fc-4c09-938b-3dad6e22b9f5"" target=""_blank"" style=""color:  #1463FF"">WCRS1894</a>",Cola sens. Deodorant Refill,"<a href=""https://shipper.stord.com/distribution_networks/a5d95507-781a-48fa-8b25-300938c92524/orders/7ad81309-2e37-415a-b1ae-4a3680043761"" target=""_blank"" style=""color:  #1463FF"">FF5194432</a>",FF5194432,backordered,ATLs001,Wild,US894020,1,Medium,2026-06-24,D2C,1
"<a href=""https://shipper.stord.com/distribution_networks/a5d95507-781a-48fa-8b25-300938c92524/items/c3bc949d-1fc5-4aea-874f-2357a6bbf70f"" target=""_blank"" style=""color:  #1463FF"">WCROL20</a>",Roll On Roller: Purple,"<a href=""https://shipper.stord.com/distribution_networks/a5d95507-781a-48fa-8b25-300938c92524/orders/8d2714be-5877-46fa-812c-1f55038b5287"" target=""_blank"" style=""color:  #1463FF"">FF5203899</a>",FF5203899,backordered,ATLs001,Wild Cosmetics,#5945888,1,Medium,2026-06-24,D2C,1
"<a href=""https://shipper.stord.com/distribution_networks/a5d95507-781a-48fa-8b25-300938c92524/items/c3bc949d-1fc5-4aea-874f-2357a6bbf70f"" target=""_blank"" style=""color:  #1463FF"">WCROL20</a>",Roll On Roller: Purple,"<a href=""https://shipper.stord.com/distribution_networks/a5d95507-781a-48fa-8b25-300938c92524/orders/036fbd80-be3b-4bc9-bf0c-7d41208bbe56"" target=""_blank"" style=""color:  #1463FF"">FF5214543</a>",FF5214543,backordered,ATLs001,Wild Cosmetics,US897950,1,Medium,2026-06-24,D2C,1
"<a href=""https://shipper.stord.com/distribution_networks/a5d95507-781a-48fa-8b25-300938c92524/items/aa62ff26-9897-4af1-b2f3-e8234168ec75"" target=""_blank"" style=""color:  #1463FF"">WCR02</a>",Coconut & Vanilla Deodorant Refill,"<a href=""https://shipper.stord.com/distribution_networks/a5d95507-781a-48fa-8b25-300938c92524/orders/ee7de4e1-9cc1-48be-95e7-9901b8148c7d"" target=""_blank"" style=""color:  #1463FF"">FF5217015</a>",FF5217015,backordered,ATLs001,Wild,#5949453,1,Medium,2026-06-24,D2C,3
"<a href=""https://shipper.stord.com/distribution_networks/a5d95507-781a-48fa-8b25-300938c92524/items/9d1d8615-8497-412c-9604-24c4e97fe857"" target=""_blank"" style=""color:  #1463FF"">WCSGALU984</a>",EB Bee Shower Gel Alu part,"<a href=""https://shipper.stord.com/distribution_networks/a5d95507-781a-48fa-8b25-300938c92524/orders/e5085279-1699-4a94-adaa-96d1afaac1e6"" target=""_blank"" style=""color:  #1463FF"">FF5222801</a>",FF5222801,on_hold,ATLs001,Wild Cosmetics,US899403,4,Medium,2026-06-24,D2C,1
"<a href=""https://shipper.stord.com/distribution_networks/a5d95507-781a-48fa-8b25-300938c92524/items/79c3ff5a-95e3-45d4-be23-4e98860ab1e8"" target=""_blank"" style=""color:  #1463FF"">WCR761</a>",Pink Grapefruit & Lime Deodorant Refill,"<a href=""https://shipper.stord.com/distribution_networks/a5d95507-781a-48fa-8b25-300938c92524/orders/e5085279-1699-4a94-adaa-96d1afaac1e6"" target=""_blank"" style=""color:  #1463FF"">FF5222801</a>",FF5222801,on_hold,ATLs001,Wild,US899403,1,Medium,2026-06-24,D2C,1
"<a href=""https://shipper.stord.com/distribution_networks/a5d95507-781a-48fa-8b25-300938c92524/items/1c7748c8-a8f2-4875-bae6-389588eeee6a"" target=""_blank"" style=""color:  #1463FF"">WCC747</a>",EB Bees Deodorant Case,"<a href=""https://shipper.stord.com/distribution_networks/a5d95507-781a-48fa-8b25-300938c92524/orders/e5085279-1699-4a94-adaa-96d1afaac1e6"" target=""_blank"" style=""color:  #1463FF"">FF5222801</a>",FF5222801,on_hold,ATLs001,Wild,US899403,2,Medium,2026-06-24,D2C,1
"<a href=""https://shipper.stord.com/distribution_networks/a5d95507-781a-48fa-8b25-300938c92524/items/dd44fca2-db99-47f9-9509-ccf7f2d3e107"" target=""_blank"" style=""color:  #1463FF"">WCPUMP984</a>",EB Bee Shower Gel Pump,"<a href=""https://shipper.stord.com/distribution_networks/a5d95507-781a-48fa-8b25-300938c92524/orders/e5085279-1699-4a94-adaa-96d1afaac1e6"" target=""_blank"" style=""color:  #1463FF"">FF5222801</a>",FF5222801,on_hold,ATLs001,Wild Cosmetics,US899403,3,Medium,2026-06-24,D2C,1
"<a href=""https://shipper.stord.com/distribution_networks/a5d95507-781a-48fa-8b25-300938c92524/items/baa2253e-f516-4c60-9d7a-0bf2cce58799"" target=""_blank"" style=""color:  #1463FF"">WCBWR3667</a>",Body Wash Refill: Hibiscus & Coconut,"<a href=""https://shipper.stord.com/distribution_networks/a5d95507-781a-48fa-8b25-300938c92524/orders/8f079aac-232c-4bfd-9951-c68faff0e86e"" target=""_blank"" style=""color:  #1463FF"">FF5223217</a>",FF5223217,on_hold,ATLs001,Wild Cosmetics,WSOS284153,6,Medium,2026-06-24,D2C,1
"<a href=""https://shipper.stord.com/distribution_networks/a5d95507-781a-48fa-8b25-300938c92524/items/b685efad-7f21-42fd-b4d9-5426fc87470c"" target=""_blank"" style=""color:  #1463FF"">WCROC3370</a>",Roll On Case: LSF Rose Heart,"<a href=""https://shipper.stord.com/distribution_networks/a5d95507-781a-48fa-8b25-300938c92524/orders/8f079aac-232c-4bfd-9951-c68faff0e86e"" target=""_blank"" style=""color:  #1463FF"">FF5223217</a>",FF5223217,on_hold,ATLs001,Wild Cosmetics,WSOS284153,4,Medium,2026-06-24,D2C,1
"<a href=""https://shipper.stord.com/distribution_networks/a5d95507-781a-48fa-8b25-300938c92524/items/e4cb1e6f-dbfe-41ad-ba2a-c7f6dfe623aa"" target=""_blank"" style=""color:  #1463FF"">WCLR3371</a>",Lip Balm Refill: Summer Berries,"<a href=""https://shipper.stord.com/distribution_networks/a5d95507-781a-48fa-8b25-300938c92524/orders/8f079aac-232c-4bfd-9951-c68faff0e86e"" target=""_blank"" style=""color:  #1463FF"">FF5223217</a>",FF5223217,on_hold,ATLs001,Wild Cosmetics,WSOS284153,8,Medium,2026-06-24,D2C,1
"<a href=""https://shipper.stord.com/distribution_networks/a5d95507-781a-48fa-8b25-300938c92524/items/ef73603b-3704-4172-b1a6-5f6fde9006fb"" target=""_blank"" style=""color:  #1463FF"">WCLR3658</a>",Lip Balm Refill: Brown Sugar & Vanilla,"<a href=""https://shipper.stord.com/distribution_networks/a5d95507-781a-48fa-8b25-300938c92524/orders/8f079aac-232c-4bfd-9951-c68faff0e86e"" target=""_blank"" style=""color:  #1463FF"">FF5223217</a>",FF5223217,on_hold,ATLs001,Wild Cosmetics,WSOS284153,3,Medium,2026-06-24,D2C,1
"<a href=""https://shipper.stord.com/distribution_networks/a5d95507-781a-48fa-8b25-300938c92524/items/05a3d329-44ea-4c98-bd79-136abb60f454"" target=""_blank"" style=""color:  #1463FF"">WCBWCP3657</a>",Body Wash Case: LSF Rosa Beaux,"<a href=""https://shipper.stord.com/distribution_networks/a5d95507-781a-48fa-8b25-300938c92524/orders/8f079aac-232c-4bfd-9951-c68faff0e86e"" target=""_blank"" style=""color:  #1463FF"">FF5223217</a>",FF5223217,on_hold,ATLs001,Wild Cosmetics,WSOS284153,1,Medium,2026-06-24,D2C,1
"<a href=""https://shipper.stord.com/distribution_networks/a5d95507-781a-48fa-8b25-300938c92524/items/4d05e916-c9e3-4f7e-9acc-66fc3dad8923"" target=""_blank"" style=""color:  #1463FF"">WCR3661</a>",Deo Refill: Pear Blossom,"<a href=""https://shipper.stord.com/distribution_networks/a5d95507-781a-48fa-8b25-300938c92524/orders/8f079aac-232c-4bfd-9951-c68faff0e86e"" target=""_blank"" style=""color:  #1463FF"">FF5223217</a>",FF5223217,on_hold,ATLs001,Wild,WSOS284153,9,Medium,2026-06-24,D2C,1
"<a href=""https://shipper.stord.com/distribution_networks/a5d95507-781a-48fa-8b25-300938c92524/items/e40d59ae-cbdb-4e00-bb33-a7e06d3791d2"" target=""_blank"" style=""color:  #1463FF"">WCLC3666</a>",Lip Balm Case: LSF Everblooming Rosettes,"<a href=""https://shipper.stord.com/distribution_networks/a5d95507-781a-48fa-8b25-300938c92524/orders/8f079aac-232c-4bfd-9951-c68faff0e86e"" target=""_blank"" style=""color:  #1463FF"">FF5223217</a>",FF5223217,on_hold,ATLs001,Wild Cosmetics,WSOS284153,2,Medium,2026-06-24,D2C,1
"<a href=""https://shipper.stord.com/distribution_networks/a5d95507-781a-48fa-8b25-300938c92524/items/687ad695-e784-49cd-8ba6-9ce64ff6eea1"" target=""_blank"" style=""color:  #1463FF"">WCC3660</a>",Deo Case: LSF Sunrise Patchwork,"<a href=""https://shipper.stord.com/distribution_networks/a5d95507-781a-48fa-8b25-300938c92524/orders/8f079aac-232c-4bfd-9951-c68faff0e86e"" target=""_blank"" style=""color:  #1463FF"">FF5223217</a>",FF5223217,on_hold,ATLs001,Wild Cosmetics,WSOS284153,7,Medium,2026-06-24,D2C,1
"<a href=""https://shipper.stord.com/distribution_networks/a5d95507-781a-48fa-8b25-300938c92524/items/39484d25-4d70-49ba-854a-b1cf7fb01f4e"" target=""_blank"" style=""color:  #1463FF"">WCR3667</a>",Deo Refill: Hibiscus & Coconut,"<a href=""https://shipper.stord.com/distribution_networks/a5d95507-781a-48fa-8b25-300938c92524/orders/8f079aac-232c-4bfd-9951-c68faff0e86e"" target=""_blank"" style=""color:  #1463FF"">FF5223217</a>",FF5223217,on_hold,ATLs001,Wild,WSOS284153,5,Medium,2026-06-24,D2C,1
"<a href=""https://shipper.stord.com/distribution_networks/a5d95507-781a-48fa-8b25-300938c92524/items/892b9f90-4f1e-4194-8e0a-29d8723cb661"" target=""_blank"" style=""color:  #1463FF"">WRREF1876</a>",S'mores Duo Refill,"<a href=""https://shipper.stord.com/distribution_networks/a5d95507-781a-48fa-8b25-300938c92524/orders/1362f07a-ceb6-4c57-9644-153abb0b57a0"" target=""_blank"" style=""color:  #1463FF"">FF5223461</a>",FF5223461,backordered,ATLs001,Wild,US899447,5,Medium,2026-06-24,D2C,1
"<a href=""https://shipper.stord.com/distribution_networks/a5d95507-781a-48fa-8b25-300938c92524/items/892b9f90-4f1e-4194-8e0a-29d8723cb661"" target=""_blank"" style=""color:  #1463FF"">WRREF1876</a>",S'mores Duo Refill,"<a href=""https://shipper.stord.com/distribution_networks/a5d95507-781a-48fa-8b25-300938c92524/orders/d0c4541e-058e-4379-8ee4-658a31022aca"" target=""_blank"" style=""color:  #1463FF"">FF5223995</a>",FF5223995,backordered,ATLs001,Wild,US899513,3,Medium,2026-06-24,D2C,1
"<a href=""https://shipper.stord.com/distribution_networks/a5d95507-781a-48fa-8b25-300938c92524/items/892b9f90-4f1e-4194-8e0a-29d8723cb661"" target=""_blank"" style=""color:  #1463FF"">WRREF1876</a>",S'mores Duo Refill,"<a href=""https://shipper.stord.com/distribution_networks/a5d95507-781a-48fa-8b25-300938c92524/orders/990c292a-d9f3-4e66-b07e-8f293800a430"" target=""_blank"" style=""color:  #1463FF"">FF5224144</a>",FF5224144,backordered,ATLs001,Wild,US899525,1,Medium,2026-06-24,D2C,1
"<a href=""https://shipper.stord.com/distribution_networks/a5d95507-781a-48fa-8b25-300938c92524/items/baa2253e-f516-4c60-9d7a-0bf2cce58799"" target=""_blank"" style=""color:  #1463FF"">WCBWR3667</a>",Body Wash Refill: Hibiscus & Coconut,"<a href=""https://shipper.stord.com/distribution_networks/a5d95507-781a-48fa-8b25-300938c92524/orders/7cb7ce06-a3a8-4525-995a-69bca359b9c0"" target=""_blank"" style=""color:  #1463FF"">FF5224173</a>",FF5224173,on_hold,ATLs001,Wild Cosmetics,WSOS284424,8,Medium,2026-06-24,D2C,1
"<a href=""https://shipper.stord.com/distribution_networks/a5d95507-781a-48fa-8b25-300938c92524/items/383904ec-7c05-459f-8713-5a46cea13043"" target=""_blank"" style=""color:  #1463FF"">WCRO02</a>",Roll On Refill: Coconut & Vanilla,"<a href=""https://shipper.stord.com/distribution_networks/a5d95507-781a-48fa-8b25-300938c92524/orders/7cb7ce06-a3a8-4525-995a-69bca359b9c0"" target=""_blank"" style=""color:  #1463FF"">FF5224173</a>",FF5224173,on_hold,ATLs001,Wild,WSOS284424,9,Medium,2026-06-24,D2C,1
"<a href=""https://shipper.stord.com/distribution_networks/a5d95507-781a-48fa-8b25-300938c92524/items/e4cb1e6f-dbfe-41ad-ba2a-c7f6dfe623aa"" target=""_blank"" style=""color:  #1463FF"">WCLR3371</a>",Lip Balm Refill: Summer Berries,"<a href=""https://shipper.stord.com/distribution_networks/a5d95507-781a-48fa-8b25-300938c92524/orders/7cb7ce06-a3a8-4525-995a-69bca359b9c0"" target=""_blank"" style=""color:  #1463FF"">FF5224173</a>",FF5224173,on_hold,ATLs001,Wild Cosmetics,WSOS284424,6,Medium,2026-06-24,D2C,1
"<a href=""https://shipper.stord.com/distribution_networks/a5d95507-781a-48fa-8b25-300938c92524/items/4d05e916-c9e3-4f7e-9acc-66fc3dad8923"" target=""_blank"" style=""color:  #1463FF"">WCR3661</a>",Deo Refill: Pear Blossom,"<a href=""https://shipper.stord.com/distribution_networks/a5d95507-781a-48fa-8b25-300938c92524/orders/7cb7ce06-a3a8-4525-995a-69bca359b9c0"" target=""_blank"" style=""color:  #1463FF"">FF5224173</a>",FF5224173,on_hold,ATLs001,Wild,WSOS284424,2,Medium,2026-06-24,D2C,1
"<a href=""https://shipper.stord.com/distribution_networks/a5d95507-781a-48fa-8b25-300938c92524/items/94408f68-399a-49ff-86c3-e447720120b9"" target=""_blank"" style=""color:  #1463FF"">WCBWR3371</a>",Body Wash Refill: Summer Berries,"<a href=""https://shipper.stord.com/distribution_networks/a5d95507-781a-48fa-8b25-300938c92524/orders/7cb7ce06-a3a8-4525-995a-69bca359b9c0"" target=""_blank"" style=""color:  #1463FF"">FF5224173</a>",FF5224173,on_hold,ATLs001,Wild Cosmetics,WSOS284424,1,Medium,2026-06-24,D2C,1
"<a href=""https://shipper.stord.com/distribution_networks/a5d95507-781a-48fa-8b25-300938c92524/items/e40d59ae-cbdb-4e00-bb33-a7e06d3791d2"" target=""_blank"" style=""color:  #1463FF"">WCLC3666</a>",Lip Balm Case: LSF Everblooming Rosettes,"<a href=""https://shipper.stord.com/distribution_networks/a5d95507-781a-48fa-8b25-300938c92524/orders/7cb7ce06-a3a8-4525-995a-69bca359b9c0"" target=""_blank"" style=""color:  #1463FF"">FF5224173</a>",FF5224173,on_hold,ATLs001,Wild Cosmetics,WSOS284424,3,Medium,2026-06-24,D2C,1
"<a href=""https://shipper.stord.com/distribution_networks/a5d95507-781a-48fa-8b25-300938c92524/items/84eea5db-63f0-4935-9694-875df99ef899"" target=""_blank"" style=""color:  #1463FF"">WCRO24</a>",Roll On Refill: Fresh Cotton & Sea Salt,"<a href=""https://shipper.stord.com/distribution_networks/a5d95507-781a-48fa-8b25-300938c92524/orders/7cb7ce06-a3a8-4525-995a-69bca359b9c0"" target=""_blank"" style=""color:  #1463FF"">FF5224173</a>",FF5224173,on_hold,ATLs001,Wild,WSOS284424,4,Medium,2026-06-24,D2C,1
"<a href=""https://shipper.stord.com/distribution_networks/a5d95507-781a-48fa-8b25-300938c92524/items/39484d25-4d70-49ba-854a-b1cf7fb01f4e"" target=""_blank"" style=""color:  #1463FF"">WCR3667</a>",Deo Refill: Hibiscus & Coconut,"<a href=""https://shipper.stord.com/distribution_networks/a5d95507-781a-48fa-8b25-300938c92524/orders/7cb7ce06-a3a8-4525-995a-69bca359b9c0"" target=""_blank"" style=""color:  #1463FF"">FF5224173</a>",FF5224173,on_hold,ATLs001,Wild,WSOS284424,12,Medium,2026-06-24,D2C,1
"<a href=""https://shipper.stord.com/distribution_networks/a5d95507-781a-48fa-8b25-300938c92524/items/687ad695-e784-49cd-8ba6-9ce64ff6eea1"" target=""_blank"" style=""color:  #1463FF"">WCC3660</a>",Deo Case: LSF Sunrise Patchwork,"<a href=""https://shipper.stord.com/distribution_networks/a5d95507-781a-48fa-8b25-300938c92524/orders/7cb7ce06-a3a8-4525-995a-69bca359b9c0"" target=""_blank"" style=""color:  #1463FF"">FF5224173</a>",FF5224173,on_hold,ATLs001,Wild Cosmetics,WSOS284424,5,Medium,2026-06-24,D2C,1
"<a href=""https://shipper.stord.com/distribution_networks/a5d95507-781a-48fa-8b25-300938c92524/items/05a3d329-44ea-4c98-bd79-136abb60f454"" target=""_blank"" style=""color:  #1463FF"">WCBWCP3657</a>",Body Wash Case: LSF Rosa Beaux,"<a href=""https://shipper.stord.com/distribution_networks/a5d95507-781a-48fa-8b25-300938c92524/orders/7cb7ce06-a3a8-4525-995a-69bca359b9c0"" target=""_blank"" style=""color:  #1463FF"">FF5224173</a>",FF5224173,on_hold,ATLs001,Wild Cosmetics,WSOS284424,7,Medium,2026-06-24,D2C,1
"<a href=""https://shipper.stord.com/distribution_networks/a5d95507-781a-48fa-8b25-300938c92524/items/ef73603b-3704-4172-b1a6-5f6fde9006fb"" target=""_blank"" style=""color:  #1463FF"">WCLR3658</a>",Lip Balm Refill: Brown Sugar & Vanilla,"<a href=""https://shipper.stord.com/distribution_networks/a5d95507-781a-48fa-8b25-300938c92524/orders/7cb7ce06-a3a8-4525-995a-69bca359b9c0"" target=""_blank"" style=""color:  #1463FF"">FF5224173</a>",FF5224173,on_hold,ATLs001,Wild Cosmetics,WSOS284424,11,Medium,2026-06-24,D2C,1
"<a href=""https://shipper.stord.com/distribution_networks/a5d95507-781a-48fa-8b25-300938c92524/items/b685efad-7f21-42fd-b4d9-5426fc87470c"" target=""_blank"" style=""color:  #1463FF"">WCROC3370</a>",Roll On Case: LSF Rose Heart,"<a href=""https://shipper.stord.com/distribution_networks/a5d95507-781a-48fa-8b25-300938c92524/orders/7cb7ce06-a3a8-4525-995a-69bca359b9c0"" target=""_blank"" style=""color:  #1463FF"">FF5224173</a>",FF5224173,on_hold,ATLs001,Wild Cosmetics,WSOS284424,10,Medium,2026-06-24,D2C,1
"<a href=""https://shipper.stord.com/distribution_networks/a5d95507-781a-48fa-8b25-300938c92524/items/892b9f90-4f1e-4194-8e0a-29d8723cb661"" target=""_blank"" style=""color:  #1463FF"">WRREF1876</a>",S'mores Duo Refill,"<a href=""https://shipper.stord.com/distribution_networks/a5d95507-781a-48fa-8b25-300938c92524/orders/f0bd7896-0162-42f6-8d06-5a52aed525cc"" target=""_blank"" style=""color:  #1463FF"">FF5224309</a>",FF5224309,backordered,ATLs001,Wild,US899528,4,Medium,2026-06-24,D2C,1
"<a href=""https://shipper.stord.com/distribution_networks/a5d95507-781a-48fa-8b25-300938c92524/items/844c7872-acdc-4c36-a715-ea0c157fb09d"" target=""_blank"" style=""color:  #1463FF"">WCRS216</a>",Fresh Cotton & Sea Salt Sensitive Deodorant Refill,"<a href=""https://shipper.stord.com/distribution_networks/a5d95507-781a-48fa-8b25-300938c92524/orders/ee473c94-7c51-42d8-8258-f6fed107b1f2"" target=""_blank"" style=""color:  #1463FF"">FF5224501</a>",FF5224501,on_hold,ATLs001,Wild,US899557,1,Medium,2026-06-24,D2C,2
"<a href=""https://shipper.stord.com/distribution_networks/a5d95507-781a-48fa-8b25-300938c92524/items/892b9f90-4f1e-4194-8e0a-29d8723cb661"" target=""_blank"" style=""color:  #1463FF"">WRREF1876</a>",S'mores Duo Refill,"<a href=""https://shipper.stord.com/distribution_networks/a5d95507-781a-48fa-8b25-300938c92524/orders/8dd560c7-72c4-4b6e-8d8e-32332aa050c9"" target=""_blank"" style=""color:  #1463FF"">FF5224775</a>",FF5224775,backordered,ATLs001,Wild,US899592,1,Medium,2026-06-24,D2C,1
"<a href=""https://shipper.stord.com/distribution_networks/a5d95507-781a-48fa-8b25-300938c92524/items/892b9f90-4f1e-4194-8e0a-29d8723cb661"" target=""_blank"" style=""color:  #1463FF"">WRREF1876</a>",S'mores Duo Refill,"<a href=""https://shipper.stord.com/distribution_networks/a5d95507-781a-48fa-8b25-300938c92524/orders/8dd560c7-72c4-4b6e-8d8e-32332aa050c9"" target=""_blank"" style=""color:  #1463FF"">FF5224775</a>",FF5224775,backordered,ATLs001,Wild,US899592,10,Medium,2026-06-24,D2C,1
"<a href=""https://shipper.stord.com/distribution_networks/a5d95507-781a-48fa-8b25-300938c92524/items/892b9f90-4f1e-4194-8e0a-29d8723cb661"" target=""_blank"" style=""color:  #1463FF"">WRREF1876</a>",S'mores Duo Refill,"<a href=""https://shipper.stord.com/distribution_networks/a5d95507-781a-48fa-8b25-300938c92524/orders/f0647397-821a-45b4-abf7-270536730bb8"" target=""_blank"" style=""color:  #1463FF"">FF5225113</a>",FF5225113,backordered,ATLs001,Wild,US899636,4,Medium,2026-06-24,D2C,1
"<a href=""https://shipper.stord.com/distribution_networks/a5d95507-781a-48fa-8b25-300938c92524/items/892b9f90-4f1e-4194-8e0a-29d8723cb661"" target=""_blank"" style=""color:  #1463FF"">WRREF1876</a>",S'mores Duo Refill,"<a href=""https://shipper.stord.com/distribution_networks/a5d95507-781a-48fa-8b25-300938c92524/orders/f3a6e842-eb92-4c48-b9e8-6664700acc57"" target=""_blank"" style=""color:  #1463FF"">FF5225239</a>",FF5225239,backordered,ATLs001,Wild,US899603,5,Medium,2026-06-24,D2C,1
"<a href=""https://shipper.stord.com/distribution_networks/a5d95507-781a-48fa-8b25-300938c92524/items/892b9f90-4f1e-4194-8e0a-29d8723cb661"" target=""_blank"" style=""color:  #1463FF"">WRREF1876</a>",S'mores Duo Refill,"<a href=""https://shipper.stord.com/distribution_networks/a5d95507-781a-48fa-8b25-300938c92524/orders/75f07ee0-05f5-4cc5-ac2a-72f8d7f70556"" target=""_blank"" style=""color:  #1463FF"">FF5225267</a>",FF5225267,backordered,ATLs001,Wild,US899650,4,Medium,2026-06-24,D2C,1
"<a href=""https://shipper.stord.com/distribution_networks/a5d95507-781a-48fa-8b25-300938c92524/items/892b9f90-4f1e-4194-8e0a-29d8723cb661"" target=""_blank"" style=""color:  #1463FF"">WRREF1876</a>",S'mores Duo Refill,"<a href=""https://shipper.stord.com/distribution_networks/a5d95507-781a-48fa-8b25-300938c92524/orders/d61ff24b-300a-478b-b04b-170bf978de27"" target=""_blank"" style=""color:  #1463FF"">FF5225268</a>",FF5225268,backordered,ATLs001,Wild,US899651,2,Medium,2026-06-24,D2C,1
"<a href=""https://shipper.stord.com/distribution_networks/a5d95507-781a-48fa-8b25-300938c92524/items/892b9f90-4f1e-4194-8e0a-29d8723cb661"" target=""_blank"" style=""color:  #1463FF"">WRREF1876</a>",S'mores Duo Refill,"<a href=""https://shipper.stord.com/distribution_networks/a5d95507-781a-48fa-8b25-300938c92524/orders/69444d56-1e33-443b-ba61-93fc00cb8f6c"" target=""_blank"" style=""color:  #1463FF"">FF5225273</a>",FF5225273,backordered,ATLs001,Wild,US899652,3,Medium,2026-06-24,D2C,1
"<a href=""https://shipper.stord.com/distribution_networks/a5d95507-781a-48fa-8b25-300938c92524/items/892b9f90-4f1e-4194-8e0a-29d8723cb661"" target=""_blank"" style=""color:  #1463FF"">WRREF1876</a>",S'mores Duo Refill,"<a href=""https://shipper.stord.com/distribution_networks/a5d95507-781a-48fa-8b25-300938c92524/orders/946be220-d9e2-4f34-a488-d6bc1e64934f"" target=""_blank"" style=""color:  #1463FF"">FF5225473</a>",FF5225473,backordered,ATLs001,Wild,US899630,1,Medium,2026-06-24,D2C,1
"<a href=""https://shipper.stord.com/distribution_networks/a5d95507-781a-48fa-8b25-300938c92524/items/892b9f90-4f1e-4194-8e0a-29d8723cb661"" target=""_blank"" style=""color:  #1463FF"">WRREF1876</a>",S'mores Duo Refill,"<a href=""https://shipper.stord.com/distribution_networks/a5d95507-781a-48fa-8b25-300938c92524/orders/fac73630-96b2-4ba7-8354-a0d62939749d"" target=""_blank"" style=""color:  #1463FF"">FF5225826</a>",FF5225826,backordered,ATLs001,Wild,US899703,5,Medium,2026-06-24,D2C,1
"<a href=""https://shipper.stord.com/distribution_networks/a5d95507-781a-48fa-8b25-300938c92524/items/79c3ff5a-95e3-45d4-be23-4e98860ab1e8"" target=""_blank"" style=""color:  #1463FF"">WCR761</a>",Pink Grapefruit & Lime Deodorant Refill,"<a href=""https://shipper.stord.com/distribution_networks/a5d95507-781a-48fa-8b25-300938c92524/orders/3764343b-9e7c-4c1c-928d-c53aa4c5fc3f"" target=""_blank"" style=""color:  #1463FF"">FF5226252</a>",FF5226252,on_hold,ATLs001,Wild,US899773,3,Medium,2026-06-24,D2C,1
"<a href=""https://shipper.stord.com/distribution_networks/a5d95507-781a-48fa-8b25-300938c92524/items/1c7748c8-a8f2-4875-bae6-389588eeee6a"" target=""_blank"" style=""color:  #1463FF"">WCC747</a>",EB Bees Deodorant Case,"<a href=""https://shipper.stord.com/distribution_networks/a5d95507-781a-48fa-8b25-300938c92524/orders/3764343b-9e7c-4c1c-928d-c53aa4c5fc3f"" target=""_blank"" style=""color:  #1463FF"">FF5226252</a>",FF5226252,on_hold,ATLs001,Wild,US899773,1,Medium,2026-06-24,D2C,1
"<a href=""https://shipper.stord.com/distribution_networks/a5d95507-781a-48fa-8b25-300938c92524/items/f114c4b4-2fe1-4506-b6c4-acfd00b14d1c"" target=""_blank"" style=""color:  #1463FF"">WCR507</a>",Thunderstorm Deodorant Refill,"<a href=""https://shipper.stord.com/distribution_networks/a5d95507-781a-48fa-8b25-300938c92524/orders/3764343b-9e7c-4c1c-928d-c53aa4c5fc3f"" target=""_blank"" style=""color:  #1463FF"">FF5226252</a>",FF5226252,on_hold,ATLs001,Wild,US899773,2,Medium,2026-06-24,D2C,1
"<a href=""https://shipper.stord.com/distribution_networks/a5d95507-781a-48fa-8b25-300938c92524/items/892b9f90-4f1e-4194-8e0a-29d8723cb661"" target=""_blank"" style=""color:  #1463FF"">WRREF1876</a>",S'mores Duo Refill,"<a href=""https://shipper.stord.com/distribution_networks/a5d95507-781a-48fa-8b25-300938c92524/orders/cef25a3d-56d0-4d25-8ac1-14b50061cc5f"" target=""_blank"" style=""color:  #1463FF"">FF5226795</a>",FF5226795,backordered,ATLs001,Wild,US899825,5,Medium,2026-06-24,D2C,1
"<a href=""https://shipper.stord.com/distribution_networks/a5d95507-781a-48fa-8b25-300938c92524/items/79c3ff5a-95e3-45d4-be23-4e98860ab1e8"" target=""_blank"" style=""color:  #1463FF"">WCR761</a>",Pink Grapefruit & Lime Deodorant Refill,"<a href=""https://shipper.stord.com/distribution_networks/a5d95507-781a-48fa-8b25-300938c92524/orders/c4850507-b327-4ef8-a2f7-0e6d711568a2"" target=""_blank"" style=""color:  #1463FF"">FF5226840</a>",FF5226840,on_hold,ATLs001,Wild,#5951497,1,Medium,2026-06-24,D2C,1
"<a href=""https://shipper.stord.com/distribution_networks/a5d95507-781a-48fa-8b25-300938c92524/items/841feed4-fb28-42ba-8ed5-27da7d1334dc"" target=""_blank"" style=""color:  #1463FF"">WCROL747</a>",Roll On Roller: Blue (Bee),"<a href=""https://shipper.stord.com/distribution_networks/a5d95507-781a-48fa-8b25-300938c92524/orders/78e83fcc-a560-4cc8-ba69-14ab6cdb1734"" target=""_blank"" style=""color:  #1463FF"">FF5113783</a>",FF5113783,backordered,,Wild Cosmetics,US873135,1,Medium,2026-06-23,D2C,1
"<a href=""https://shipper.stord.com/distribution_networks/a5d95507-781a-48fa-8b25-300938c92524/items/aa62ff26-9897-4af1-b2f3-e8234168ec75"" target=""_blank"" style=""color:  #1463FF"">WCR02</a>",Coconut & Vanilla Deodorant Refill,"<a href=""https://shipper.stord.com/distribution_networks/a5d95507-781a-48fa-8b25-300938c92524/orders/8e9565d2-7cf6-4ad3-bcd3-868764ccddb8"" target=""_blank"" style=""color:  #1463FF"">FF5207165</a>",FF5207165,backordered,ATLs001,Wild,#5946673,3,Medium,2026-06-23,D2C,1
"<a href=""https://shipper.stord.com/distribution_networks/a5d95507-781a-48fa-8b25-300938c92524/items/aa62ff26-9897-4af1-b2f3-e8234168ec75"" target=""_blank"" style=""color:  #1463FF"">WCR02</a>",Coconut & Vanilla Deodorant Refill,"<a href=""https://shipper.stord.com/distribution_networks/a5d95507-781a-48fa-8b25-300938c92524/orders/a2e8b6b5-a876-495f-b7c8-c3008975231c"" target=""_blank"" style=""color:  #1463FF"">FF5207548</a>",FF5207548,backordered,ATLs001,Wild,#5947043,1,Medium,2026-06-23,D2C,3
"<a href=""https://shipper.stord.com/distribution_networks/a5d95507-781a-48fa-8b25-300938c92524/items/aa62ff26-9897-4af1-b2f3-e8234168ec75"" target=""_blank"" style=""color:  #1463FF"">WCR02</a>",Coconut & Vanilla Deodorant Refill,"<a href=""https://shipper.stord.com/distribution_networks/a5d95507-781a-48fa-8b25-300938c92524/orders/d553fe16-f84b-48c5-a0d2-317578670286"" target=""_blank"" style=""color:  #1463FF"">FF5207630</a>",FF5207630,backordered,ATLs001,Wild,#5947143,3,Medium,2026-06-23,D2C,1
"<a href=""https://shipper.stord.com/distribution_networks/a5d95507-781a-48fa-8b25-300938c92524/items/aa62ff26-9897-4af1-b2f3-e8234168ec75"" target=""_blank"" style=""color:  #1463FF"">WCR02</a>",Coconut & Vanilla Deodorant Refill,"<a href=""https://shipper.stord.com/distribution_networks/a5d95507-781a-48fa-8b25-300938c92524/orders/f3573964-e52f-46e3-9a98-20306e3ad572"" target=""_blank"" style=""color:  #1463FF"">FF5207908</a>",FF5207908,backordered,ATLs001,Wild,#5947393,3,Medium,2026-06-23,D2C,1
"<a href=""https://shipper.stord.com/distribution_networks/a5d95507-781a-48fa-8b25-300938c92524/items/8c838cdf-55d8-4031-92eb-7af7484d8143"" target=""_blank"" style=""color:  #1463FF"">WCRS1752</a>",Summer Breeze Sensitive Deodorant Refill,"<a href=""https://shipper.stord.com/distribution_networks/a5d95507-781a-48fa-8b25-300938c92524/orders/c7077b82-bc41-4b7c-a9fc-96a2a3ceb232"" target=""_blank"" style=""color:  #1463FF"">FF5209222</a>",FF5209222,backordered,ATLs001,Wild,US897043,1,Medium,2026-06-23,D2C,1
"<a href=""https://shipper.stord.com/distribution_networks/a5d95507-781a-48fa-8b25-300938c92524/items/aa62ff26-9897-4af1-b2f3-e8234168ec75"" target=""_blank"" style=""color:  #1463FF"">WCR02</a>",Coconut & Vanilla Deodorant Refill,"<a href=""https://shipper.stord.com/distribution_networks/a5d95507-781a-48fa-8b25-300938c92524/orders/1ab9acae-d7e4-4763-927f-229f9673698c"" target=""_blank"" style=""color:  #1463FF"">FF5213071</a>",FF5213071,backordered,ATLs001,Wild,US897662,2,Medium,2026-06-23,D2C,3
"<a href=""https://shipper.stord.com/distribution_networks/a5d95507-781a-48fa-8b25-300938c92524/items/aa62ff26-9897-4af1-b2f3-e8234168ec75"" target=""_blank"" style=""color:  #1463FF"">WCR02</a>",Coconut & Vanilla Deodorant Refill,"<a href=""https://shipper.stord.com/distribution_networks/a5d95507-781a-48fa-8b25-300938c92524/orders/4f070cce-c637-449c-a340-36e52e496719"" target=""_blank"" style=""color:  #1463FF"">FF5213073</a>",FF5213073,backordered,ATLs001,Wild,US897661,1,Medium,2026-06-23,D2C,3
"<a href=""https://shipper.stord.com/distribution_networks/a5d95507-781a-48fa-8b25-300938c92524/items/aa62ff26-9897-4af1-b2f3-e8234168ec75"" target=""_blank"" style=""color:  #1463FF"">WCR02</a>",Coconut & Vanilla Deodorant Refill,"<a href=""https://shipper.stord.com/distribution_networks/a5d95507-781a-48fa-8b25-300938c92524/orders/c9a9c77c-a556-4fa5-bd36-6caa9cd762a1"" target=""_blank"" style=""color:  #1463FF"">FF5213074</a>",FF5213074,backordered,ATLs001,Wild,US897664,2,Medium,2026-06-23,D2C,3
"<a href=""https://shipper.stord.com/distribution_networks/a5d95507-781a-48fa-8b25-300938c92524/items/aa62ff26-9897-4af1-b2f3-e8234168ec75"" target=""_blank"" style=""color:  #1463FF"">WCR02</a>",Coconut & Vanilla Deodorant Refill,"<a href=""https://shipper.stord.com/distribution_networks/a5d95507-781a-48fa-8b25-300938c92524/orders/a60ed4de-9627-4930-81ae-4b608b6727d8"" target=""_blank"" style=""color:  #1463FF"">FF5213078</a>",FF5213078,backordered,ATLs001,Wild,US897667,2,Medium,2026-06-23,D2C,3
"<a href=""https://shipper.stord.com/distribution_networks/a5d95507-781a-48fa-8b25-300938c92524/items/aa62ff26-9897-4af1-b2f3-e8234168ec75"" target=""_blank"" style=""color:  #1463FF"">WCR02</a>",Coconut & Vanilla Deodorant Refill,"<a href=""https://shipper.stord.com/distribution_networks/a5d95507-781a-48fa-8b25-300938c92524/orders/9f3da264-0447-457b-9d91-2c60e7bc5178"" target=""_blank"" style=""color:  #1463FF"">FF5214936</a>",FF5214936,backordered,ATLs001,Wild,US898016,2,Medium,2026-06-23,D2C,3
"<a href=""https://shipper.stord.com/distribution_networks/a5d95507-781a-48fa-8b25-300938c92524/items/aa62ff26-9897-4af1-b2f3-e8234168ec75"" target=""_blank"" style=""color:  #1463FF"">WCR02</a>",Coconut & Vanilla Deodorant Refill,"<a href=""https://shipper.stord.com/distribution_networks/a5d95507-781a-48fa-8b25-300938c92524/orders/27ec03d0-2a42-4f7e-ba3e-3719368704a3"" target=""_blank"" style=""color:  #1463FF"">FF5215257</a>",FF5215257,backordered,ATLs001,Wild,US898080,2,Medium,2026-06-23,D2C,3
"<a href=""https://shipper.stord.com/distribution_networks/a5d95507-781a-48fa-8b25-300938c92524/items/3bffe04b-2856-46e7-8c83-6c2301d17e25"" target=""_blank"" style=""color:  #1463FF"">WCROC06</a>",Roll On Case: Aqua,"<a href=""https://shipper.stord.com/distribution_networks/a5d95507-781a-48fa-8b25-300938c92524/orders/175af231-f74f-4ff9-bb77-2cabd5300324"" target=""_blank"" style=""color:  #1463FF"">IS78422</a>",IS78422,on_hold,ATLs001,Wild,US to AU,2,Medium,2026-06-23,B2B,4668
"<a href=""https://shipper.stord.com/distribution_networks/a5d95507-781a-48fa-8b25-300938c92524/items/59be4421-692c-4b3c-b877-f84cf2f09cae"" target=""_blank"" style=""color:  #1463FF"">WCROC747</a>",Roll On Case: Bee,"<a href=""https://shipper.stord.com/distribution_networks/a5d95507-781a-48fa-8b25-300938c92524/orders/175af231-f74f-4ff9-bb77-2cabd5300324"" target=""_blank"" style=""color:  #1463FF"">IS78422</a>",IS78422,on_hold,ATLs001,Wild,US to AU,1,Medium,2026-06-23,B2B,7000
"<a href=""https://shipper.stord.com/distribution_networks/a5d95507-781a-48fa-8b25-300938c92524/items/a480f653-0d54-4d8c-82c8-499e82d7921d"" target=""_blank"" style=""color:  #1463FF"">WCROC20</a>",Roll On Case: Purple,"<a href=""https://shipper.stord.com/distribution_networks/a5d95507-781a-48fa-8b25-300938c92524/orders/175af231-f74f-4ff9-bb77-2cabd5300324"" target=""_blank"" style=""color:  #1463FF"">IS78422</a>",IS78422,on_hold,ATLs001,Wild,US to AU,3,Medium,2026-06-23,B2B,3000
"<a href=""https://shipper.stord.com/distribution_networks/a5d95507-781a-48fa-8b25-300938c92524/items/aa62ff26-9897-4af1-b2f3-e8234168ec75"" target=""_blank"" style=""color:  #1463FF"">WCR02</a>",Coconut & Vanilla Deodorant Refill,"<a href=""https://shipper.stord.com/distribution_networks/a5d95507-781a-48fa-8b25-300938c92524/orders/aceea11e-d8a6-4ec2-9047-4bc3a57a9cb1"" target=""_blank"" style=""color:  #1463FF"">FF5109714</a>",FF5109714,backordered,ATLs001,Wild,#5917697,2,Medium,2026-06-22,D2C,1
"<a href=""https://shipper.stord.com/distribution_networks/a5d95507-781a-48fa-8b25-300938c92524/items/aa62ff26-9897-4af1-b2f3-e8234168ec75"" target=""_blank"" style=""color:  #1463FF"">WCR02</a>",Coconut & Vanilla Deodorant Refill,"<a href=""https://shipper.stord.com/distribution_networks/a5d95507-781a-48fa-8b25-300938c92524/orders/686d60a4-e47d-41d4-9432-e5d58567eeba"" target=""_blank"" style=""color:  #1463FF"">FF5200345</a>",FF5200345,backordered,ATLs001,Wild,US894859,2,Medium,2026-06-22,D2C,3
"<a href=""https://shipper.stord.com/distribution_networks/a5d95507-781a-48fa-8b25-300938c92524/items/aa62ff26-9897-4af1-b2f3-e8234168ec75"" target=""_blank"" style=""color:  #1463FF"">WCR02</a>",Coconut & Vanilla Deodorant Refill,"<a href=""https://shipper.stord.com/distribution_networks/a5d95507-781a-48fa-8b25-300938c92524/orders/3a658e5f-ffc6-4e0b-985a-9a92bc2682a8"" target=""_blank"" style=""color:  #1463FF"">FF5203317</a>",FF5203317,backordered,ATLs001,Wild,US895625,1,Medium,2026-06-22,D2C,3
"<a href=""https://shipper.stord.com/distribution_networks/a5d95507-781a-48fa-8b25-300938c92524/items/aa62ff26-9897-4af1-b2f3-e8234168ec75"" target=""_blank"" style=""color:  #1463FF"">WCR02</a>",Coconut & Vanilla Deodorant Refill,"<a href=""https://shipper.stord.com/distribution_networks/a5d95507-781a-48fa-8b25-300938c92524/orders/3124bc9e-2de6-4476-903e-11e887aab30c"" target=""_blank"" style=""color:  #1463FF"">FF5206074</a>",FF5206074,backordered,ATLs001,Wild,US896297,1,Medium,2026-06-22,D2C,3
"<a href=""https://shipper.stord.com/distribution_networks/a5d95507-781a-48fa-8b25-300938c92524/items/aa62ff26-9897-4af1-b2f3-e8234168ec75"" target=""_blank"" style=""color:  #1463FF"">WCR02</a>",Coconut & Vanilla Deodorant Refill,"<a href=""https://shipper.stord.com/distribution_networks/a5d95507-781a-48fa-8b25-300938c92524/orders/4c7440da-3493-46d5-88f4-268a8c884574"" target=""_blank"" style=""color:  #1463FF"">FF5192705</a>",FF5192705,backordered,ATLs001,Wild,#5942409,1,Medium,2026-06-21,D2C,4
"<a href=""https://shipper.stord.com/distribution_networks/a5d95507-781a-48fa-8b25-300938c92524/items/aa62ff26-9897-4af1-b2f3-e8234168ec75"" target=""_blank"" style=""color:  #1463FF"">WCR02</a>",Coconut & Vanilla Deodorant Refill,"<a href=""https://shipper.stord.com/distribution_networks/a5d95507-781a-48fa-8b25-300938c92524/orders/6267c5c3-eb95-4506-a2be-af423afc9d90"" target=""_blank"" style=""color:  #1463FF"">FF5192865</a>",FF5192865,backordered,ATLs001,Wild,#5942563,1,Medium,2026-06-21,D2C,3
"<a href=""https://shipper.stord.com/distribution_networks/a5d95507-781a-48fa-8b25-300938c92524/items/aa62ff26-9897-4af1-b2f3-e8234168ec75"" target=""_blank"" style=""color:  #1463FF"">WCR02</a>",Coconut & Vanilla Deodorant Refill,"<a href=""https://shipper.stord.com/distribution_networks/a5d95507-781a-48fa-8b25-300938c92524/orders/5ad1e994-96c3-4c10-ac13-2b66e41a0d23"" target=""_blank"" style=""color:  #1463FF"">FF5185942</a>",FF5185942,backordered,ATLs001,Wild,#5940433,2,Medium,2026-06-20,D2C,1
"<a href=""https://shipper.stord.com/distribution_networks/a5d95507-781a-48fa-8b25-300938c92524/items/aa62ff26-9897-4af1-b2f3-e8234168ec75"" target=""_blank"" style=""color:  #1463FF"">WCR02</a>",Coconut & Vanilla Deodorant Refill,"<a href=""https://shipper.stord.com/distribution_networks/a5d95507-781a-48fa-8b25-300938c92524/orders/5ad1e994-96c3-4c10-ac13-2b66e41a0d23"" target=""_blank"" style=""color:  #1463FF"">FF5185942</a>",FF5185942,backordered,ATLs001,Wild,#5940433,3,Medium,2026-06-20,D2C,1
"<a href=""https://shipper.stord.com/distribution_networks/a5d95507-781a-48fa-8b25-300938c92524/items/aa62ff26-9897-4af1-b2f3-e8234168ec75"" target=""_blank"" style=""color:  #1463FF"">WCR02</a>",Coconut & Vanilla Deodorant Refill,"<a href=""https://shipper.stord.com/distribution_networks/a5d95507-781a-48fa-8b25-300938c92524/orders/078f0efc-8714-458c-abc5-16ea05c2c716"" target=""_blank"" style=""color:  #1463FF"">FF5186121</a>",FF5186121,backordered,ATLs001,Wild,#5940614,1,Medium,2026-06-20,D2C,3
"<a href=""https://shipper.stord.com/distribution_networks/a5d95507-781a-48fa-8b25-300938c92524/items/aa62ff26-9897-4af1-b2f3-e8234168ec75"" target=""_blank"" style=""color:  #1463FF"">WCR02</a>",Coconut & Vanilla Deodorant Refill,"<a href=""https://shipper.stord.com/distribution_networks/a5d95507-781a-48fa-8b25-300938c92524/orders/c4a770a4-87e0-4e45-9136-4681eb6e621a"" target=""_blank"" style=""color:  #1463FF"">FF5095487</a>",FF5095487,backordered,ATLs001,Wild,#5914096,8,Medium,2026-06-19,D2C,1
"<a href=""https://shipper.stord.com/distribution_networks/a5d95507-781a-48fa-8b25-300938c92524/items/aa62ff26-9897-4af1-b2f3-e8234168ec75"" target=""_blank"" style=""color:  #1463FF"">WCR02</a>",Coconut & Vanilla Deodorant Refill,"<a href=""https://shipper.stord.com/distribution_networks/a5d95507-781a-48fa-8b25-300938c92524/orders/27610a34-6361-4918-8892-fb8e380879e7"" target=""_blank"" style=""color:  #1463FF"">FF5177035</a>",FF5177035,backordered,ATLs001,Wild,#5937360,1,Medium,2026-06-19,D2C,1
"<a href=""https://shipper.stord.com/distribution_networks/a5d95507-781a-48fa-8b25-300938c92524/items/aa62ff26-9897-4af1-b2f3-e8234168ec75"" target=""_blank"" style=""color:  #1463FF"">WCR02</a>",Coconut & Vanilla Deodorant Refill,"<a href=""https://shipper.stord.com/distribution_networks/a5d95507-781a-48fa-8b25-300938c92524/orders/b14ce1d4-bd53-4313-918c-bf1c30044db3"" target=""_blank"" style=""color:  #1463FF"">FF5177457</a>",FF5177457,backordered,ATLs001,Wild,#5937804,1,Medium,2026-06-19,D2C,3
"<a href=""https://shipper.stord.com/distribution_networks/a5d95507-781a-48fa-8b25-300938c92524/items/aa62ff26-9897-4af1-b2f3-e8234168ec75"" target=""_blank"" style=""color:  #1463FF"">WCR02</a>",Coconut & Vanilla Deodorant Refill,"<a href=""https://shipper.stord.com/distribution_networks/a5d95507-781a-48fa-8b25-300938c92524/orders/1f1f3673-6c52-4071-8c6d-65582410022e"" target=""_blank"" style=""color:  #1463FF"">FF5177948</a>",FF5177948,backordered,ATLs001,Wild,#5938270,1,Medium,2026-06-19,D2C,3
"<a href=""https://shipper.stord.com/distribution_networks/a5d95507-781a-48fa-8b25-300938c92524/items/aa62ff26-9897-4af1-b2f3-e8234168ec75"" target=""_blank"" style=""color:  #1463FF"">WCR02</a>",Coconut & Vanilla Deodorant Refill,"<a href=""https://shipper.stord.com/distribution_networks/a5d95507-781a-48fa-8b25-300938c92524/orders/4da36258-6c89-4dbe-916a-e83066b96cdd"" target=""_blank"" style=""color:  #1463FF"">FF5178200</a>",FF5178200,backordered,ATLs001,Wild,#5938504,1,Medium,2026-06-19,D2C,3
"<a href=""https://shipper.stord.com/distribution_networks/a5d95507-781a-48fa-8b25-300938c92524/items/2996e3df-5cdb-422d-92e7-c8c77f58d10b"" target=""_blank"" style=""color:  #1463FF"">WCR251</a>",Elderflower & Cucumber Deo Refill,"<a href=""https://shipper.stord.com/distribution_networks/a5d95507-781a-48fa-8b25-300938c92524/orders/45a62deb-fd08-4bc8-bd59-acfe2120189d"" target=""_blank"" style=""color:  #1463FF"">FF5178731</a>",FF5178731,on_hold,ATLs001,Wild,US889676,7,Medium,2026-06-19,D2C,1
"<a href=""https://shipper.stord.com/distribution_networks/a5d95507-781a-48fa-8b25-300938c92524/items/b1038e06-ce34-498a-9ab8-4d5ee8cdd6a3"" target=""_blank"" style=""color:  #1463FF"">WCC3773</a>",Deo Case: Disney Princess,"<a href=""https://shipper.stord.com/distribution_networks/a5d95507-781a-48fa-8b25-300938c92524/orders/45a62deb-fd08-4bc8-bd59-acfe2120189d"" target=""_blank"" style=""color:  #1463FF"">FF5178731</a>",FF5178731,on_hold,ATLs001,Wild Cosmetics,US889676,13,Medium,2026-06-19,D2C,1
"<a href=""https://shipper.stord.com/distribution_networks/a5d95507-781a-48fa-8b25-300938c92524/items/2b0f8d81-d853-4f2a-8040-d4022a32477e"" target=""_blank"" style=""color:  #1463FF"">WCROC3130</a>",Roll On Case: Leopard,"<a href=""https://shipper.stord.com/distribution_networks/a5d95507-781a-48fa-8b25-300938c92524/orders/45a62deb-fd08-4bc8-bd59-acfe2120189d"" target=""_blank"" style=""color:  #1463FF"">FF5178731</a>",FF5178731,on_hold,ATLs001,Wild,US889676,4,Medium,2026-06-19,D2C,1
"<a href=""https://shipper.stord.com/distribution_networks/a5d95507-781a-48fa-8b25-300938c92524/items/94bcdb54-c2ad-42f4-b307-15a41e41a6c3"" target=""_blank"" style=""color:  #1463FF"">WMIN24</a>",Fresh Cotton mini deodorant,"<a href=""https://shipper.stord.com/distribution_networks/a5d95507-781a-48fa-8b25-300938c92524/orders/45a62deb-fd08-4bc8-bd59-acfe2120189d"" target=""_blank"" style=""color:  #1463FF"">FF5178731</a>",FF5178731,on_hold,ATLs001,Wild,US889676,9,Medium,2026-06-19,D2C,2
"<a href=""https://shipper.stord.com/distribution_networks/a5d95507-781a-48fa-8b25-300938c92524/items/ccfdb407-5048-48cd-a27b-4ca98e4d9937"" target=""_blank"" style=""color:  #1463FF"">WCR3777</a>",Deo Refill: Island Paradise,"<a href=""https://shipper.stord.com/distribution_networks/a5d95507-781a-48fa-8b25-300938c92524/orders/45a62deb-fd08-4bc8-bd59-acfe2120189d"" target=""_blank"" style=""color:  #1463FF"">FF5178731</a>",FF5178731,on_hold,ATLs001,Wild,US889676,12,Medium,2026-06-19,D2C,1
"<a href=""https://shipper.stord.com/distribution_networks/a5d95507-781a-48fa-8b25-300938c92524/items/2762b5c0-6f1d-4d59-a1d2-908ebec83db4"" target=""_blank"" style=""color:  #1463FF"">WCRO549</a>",Roll On Refill: Cherry Blossom,"<a href=""https://shipper.stord.com/distribution_networks/a5d95507-781a-48fa-8b25-300938c92524/orders/45a62deb-fd08-4bc8-bd59-acfe2120189d"" target=""_blank"" style=""color:  #1463FF"">FF5178731</a>",FF5178731,on_hold,ATLs001,Wild,US889676,2,Medium,2026-06-19,D2C,1
"<a href=""https://shipper.stord.com/distribution_networks/a5d95507-781a-48fa-8b25-300938c92524/items/3efd2806-3212-4fec-8252-9187c7753174"" target=""_blank"" style=""color:  #1463FF"">WCR348</a>",Mint & Aloe Vera Deodorant Refill,"<a href=""https://shipper.stord.com/distribution_networks/a5d95507-781a-48fa-8b25-300938c92524/orders/45a62deb-fd08-4bc8-bd59-acfe2120189d"" target=""_blank"" style=""color:  #1463FF"">FF5178731</a>",FF5178731,on_hold,ATLs001,Wild,US889676,6,Medium,2026-06-19,D2C,1
"<a href=""https://shipper.stord.com/distribution_networks/a5d95507-781a-48fa-8b25-300938c92524/items/b1038e06-ce34-498a-9ab8-4d5ee8cdd6a3"" target=""_blank"" style=""color:  #1463FF"">WCC3773</a>",Deo Case: Disney Princess,"<a href=""https://shipper.stord.com/distribution_networks/a5d95507-781a-48fa-8b25-300938c92524/orders/45a62deb-fd08-4bc8-bd59-acfe2120189d"" target=""_blank"" style=""color:  #1463FF"">FF5178731</a>",FF5178731,on_hold,ATLs001,Wild Cosmetics,US889676,8,Medium,2026-06-19,D2C,1
"<a href=""https://shipper.stord.com/distribution_networks/a5d95507-781a-48fa-8b25-300938c92524/items/43eb8922-f2c2-445a-b412-3e91395e0616"" target=""_blank"" style=""color:  #1463FF"">W_ENGRAVED_DEO</a>",W_ENGRAVED_DEO,"<a href=""https://shipper.stord.com/distribution_networks/a5d95507-781a-48fa-8b25-300938c92524/orders/45a62deb-fd08-4bc8-bd59-acfe2120189d"" target=""_blank"" style=""color:  #1463FF"">FF5178731</a>",FF5178731,on_hold,ATLs001,,US889676,5,Medium,2026-06-19,D2C,1
"<a href=""https://shipper.stord.com/distribution_networks/a5d95507-781a-48fa-8b25-300938c92524/items/383904ec-7c05-459f-8713-5a46cea13043"" target=""_blank"" style=""color:  #1463FF"">WCRO02</a>",Roll On Refill: Coconut & Vanilla,"<a href=""https://shipper.stord.com/distribution_networks/a5d95507-781a-48fa-8b25-300938c92524/orders/45a62deb-fd08-4bc8-bd59-acfe2120189d"" target=""_blank"" style=""color:  #1463FF"">FF5178731</a>",FF5178731,on_hold,ATLs001,Wild,US889676,3,Medium,2026-06-19,D2C,1
"<a href=""https://shipper.stord.com/distribution_networks/a5d95507-781a-48fa-8b25-300938c92524/items/70f5a9de-b709-4f07-9611-d1cf44f3bd99"" target=""_blank"" style=""color:  #1463FF"">WCLR1245</a>",Vanilla Frost Lip Balm,"<a href=""https://shipper.stord.com/distribution_networks/a5d95507-781a-48fa-8b25-300938c92524/orders/45a62deb-fd08-4bc8-bd59-acfe2120189d"" target=""_blank"" style=""color:  #1463FF"">FF5178731</a>",FF5178731,on_hold,ATLs001,Wild,US889676,1,Medium,2026-06-19,D2C,1
"<a href=""https://shipper.stord.com/distribution_networks/a5d95507-781a-48fa-8b25-300938c92524/items/d8d837a4-4580-4003-8a52-a7c9acf0455e"" target=""_blank"" style=""color:  #1463FF"">WCR3776</a>",Deo Refill: Enchanted Bloom,"<a href=""https://shipper.stord.com/distribution_networks/a5d95507-781a-48fa-8b25-300938c92524/orders/45a62deb-fd08-4bc8-bd59-acfe2120189d"" target=""_blank"" style=""color:  #1463FF"">FF5178731</a>",FF5178731,on_hold,ATLs001,Wild,US889676,11,Medium,2026-06-19,D2C,1
"<a href=""https://shipper.stord.com/distribution_networks/a5d95507-781a-48fa-8b25-300938c92524/items/43eb8922-f2c2-445a-b412-3e91395e0616"" target=""_blank"" style=""color:  #1463FF"">W_ENGRAVED_DEO</a>",W_ENGRAVED_DEO,"<a href=""https://shipper.stord.com/distribution_networks/a5d95507-781a-48fa-8b25-300938c92524/orders/45a62deb-fd08-4bc8-bd59-acfe2120189d"" target=""_blank"" style=""color:  #1463FF"">FF5178731</a>",FF5178731,on_hold,ATLs001,,US889676,10,Medium,2026-06-19,D2C,1
"<a href=""https://shipper.stord.com/distribution_networks/a5d95507-781a-48fa-8b25-300938c92524/items/aa62ff26-9897-4af1-b2f3-e8234168ec75"" target=""_blank"" style=""color:  #1463FF"">WCR02</a>",Coconut & Vanilla Deodorant Refill,"<a href=""https://shipper.stord.com/distribution_networks/a5d95507-781a-48fa-8b25-300938c92524/orders/ac95b20a-1c85-401d-8969-23fbb4ef0478"" target=""_blank"" style=""color:  #1463FF"">FF5182288</a>",FF5182288,backordered,ATLs001,Wild,US890696,2,Medium,2026-06-19,D2C,3
"<a href=""https://shipper.stord.com/distribution_networks/a5d95507-781a-48fa-8b25-300938c92524/items/d8b158fb-c1d8-40c5-b564-4be6d9f56e5c"" target=""_blank"" style=""color:  #1463FF"">WCRS1924</a>",Coconut Cream sens. Deo Refill,"<a href=""https://shipper.stord.com/distribution_networks/a5d95507-781a-48fa-8b25-300938c92524/orders/af7ade76-4a93-4da1-bb63-55d588ad269a"" target=""_blank"" style=""color:  #1463FF"">FF5182766</a>",FF5182766,backordered,ATLs001,Wild,WCS36642,3,Medium,2026-06-19,D2C,1
"<a href=""https://shipper.stord.com/distribution_networks/a5d95507-781a-48fa-8b25-300938c92524/items/c394aafe-48ac-4986-aa4a-0b2e5530483f"" target=""_blank"" style=""color:  #1463FF"">WSRP5220US</a>",Lip Balm US LSF Sunrise Patchwork / Pear Blossom SRP,"<a href=""https://shipper.stord.com/distribution_networks/a5d95507-781a-48fa-8b25-300938c92524/orders/6671e25c-0cc5-498d-9235-3da2d8ed7d27"" target=""_blank"" style=""color:  #1463FF"">FF4988257</a>",FF4988257,backordered,ATLs001,Wild Cosmetics,10001896015-0587,2,Medium,2026-06-18,B2B,28
"<a href=""https://shipper.stord.com/distribution_networks/a5d95507-781a-48fa-8b25-300938c92524/items/899eda61-deef-4d8e-8e3f-3f71d267e9de"" target=""_blank"" style=""color:  #1463FF"">WSRP5229US</a>",Lip Balm US LSF Rose Heart / Summer Berries SRP,"<a href=""https://shipper.stord.com/distribution_networks/a5d95507-781a-48fa-8b25-300938c92524/orders/6671e25c-0cc5-498d-9235-3da2d8ed7d27"" target=""_blank"" style=""color:  #1463FF"">FF4988257</a>",FF4988257,backordered,ATLs001,Wild Cosmetics,10001896015-0587,3,Medium,2026-06-18,B2B,28
"<a href=""https://shipper.stord.com/distribution_networks/a5d95507-781a-48fa-8b25-300938c92524/items/899eda61-deef-4d8e-8e3f-3f71d267e9de"" target=""_blank"" style=""color:  #1463FF"">WSRP5229US</a>",Lip Balm US LSF Rose Heart / Summer Berries SRP,"<a href=""https://shipper.stord.com/distribution_networks/a5d95507-781a-48fa-8b25-300938c92524/orders/1d15f925-ac08-4be6-a8eb-11ed257b9014"" target=""_blank"" style=""color:  #1463FF"">FF4988321</a>",FF4988321,backordered,ATLs001,Wild Cosmetics,10001896015-0557,4,Medium,2026-06-18,B2B,19
"<a href=""https://shipper.stord.com/distribution_networks/a5d95507-781a-48fa-8b25-300938c92524/items/c394aafe-48ac-4986-aa4a-0b2e5530483f"" target=""_blank"" style=""color:  #1463FF"">WSRP5220US</a>",Lip Balm US LSF Sunrise Patchwork / Pear Blossom SRP,"<a href=""https://shipper.stord.com/distribution_networks/a5d95507-781a-48fa-8b25-300938c92524/orders/1d15f925-ac08-4be6-a8eb-11ed257b9014"" target=""_blank"" style=""color:  #1463FF"">FF4988321</a>",FF4988321,backordered,ATLs001,Wild Cosmetics,10001896015-0557,3,Medium,2026-06-18,B2B,28
"<a href=""https://shipper.stord.com/distribution_networks/a5d95507-781a-48fa-8b25-300938c92524/items/aa62ff26-9897-4af1-b2f3-e8234168ec75"" target=""_blank"" style=""color:  #1463FF"">WCR02</a>",Coconut & Vanilla Deodorant Refill,"<a href=""https://shipper.stord.com/distribution_networks/a5d95507-781a-48fa-8b25-300938c92524/orders/308a6c79-c397-4094-a095-7cda428c62e1"" target=""_blank"" style=""color:  #1463FF"">FF5087843</a>",FF5087843,backordered,ATLs001,Wild,#5912160,1,Medium,2026-06-18,D2C,1
"<a href=""https://shipper.stord.com/distribution_networks/a5d95507-781a-48fa-8b25-300938c92524/items/1e9075d3-7d58-4f5b-b748-2e7d53b0267b"" target=""_blank"" style=""color:  #1463FF"">WMIN02</a>",Coconut and Vanilla Mini Deodorant,"<a href=""https://shipper.stord.com/distribution_networks/a5d95507-781a-48fa-8b25-300938c92524/orders/65753798-c5fa-4627-b6a1-83074a420cc2"" target=""_blank"" style=""color:  #1463FF"">FF5090170</a>",FF5090170,backordered,ATLs001,Wild,#5912629,1,Medium,2026-06-18,D2C,1
"<a href=""https://shipper.stord.com/distribution_networks/a5d95507-781a-48fa-8b25-300938c92524/items/4feb985e-933c-4caa-8ef2-d73c9b3e1f6a"" target=""_blank"" style=""color:  #1463FF"">WCRS1926</a>",Pina Colada sens. 2025 Deo Refill,"<a href=""https://shipper.stord.com/distribution_networks/a5d95507-781a-48fa-8b25-300938c92524/orders/894b33bf-9914-469e-b93d-a7bdd541d166"" target=""_blank"" style=""color:  #1463FF"">FF5122917</a>",FF5122917,backordered,ATLs001,Wild,US875169,5,Medium,2026-06-18,D2C,4
"<a href=""https://shipper.stord.com/distribution_networks/a5d95507-781a-48fa-8b25-300938c92524/items/841feed4-fb28-42ba-8ed5-27da7d1334dc"" target=""_blank"" style=""color:  #1463FF"">WCROL747</a>",Roll On Roller: Blue (Bee),"<a href=""https://shipper.stord.com/distribution_networks/a5d95507-781a-48fa-8b25-300938c92524/orders/0d867ea6-6602-4202-ad6e-cb1e33da744d"" target=""_blank"" style=""color:  #1463FF"">FF5169712</a>",FF5169712,backordered,ATLs001,Wild Cosmetics,US887370,2,Medium,2026-06-18,D2C,1
"<a href=""https://shipper.stord.com/distribution_networks/a5d95507-781a-48fa-8b25-300938c92524/items/d8b158fb-c1d8-40c5-b564-4be6d9f56e5c"" target=""_blank"" style=""color:  #1463FF"">WCRS1924</a>",Coconut Cream sens. Deo Refill,"<a href=""https://shipper.stord.com/distribution_networks/a5d95507-781a-48fa-8b25-300938c92524/orders/29cccea7-342e-4a66-973c-7f18359257eb"" target=""_blank"" style=""color:  #1463FF"">FF5171977</a>",FF5171977,backordered,ATLs001,Wild,US888174,2,Medium,2026-06-18,D2C,1
"<a href=""https://shipper.stord.com/distribution_networks/a5d95507-781a-48fa-8b25-300938c92524/items/d8b158fb-c1d8-40c5-b564-4be6d9f56e5c"" target=""_blank"" style=""color:  #1463FF"">WCRS1924</a>",Coconut Cream sens. Deo Refill,"<a href=""https://shipper.stord.com/distribution_networks/a5d95507-781a-48fa-8b25-300938c92524/orders/871e860c-6b9e-4b94-957f-e7188105626a"" target=""_blank"" style=""color:  #1463FF"">FF5173680</a>",FF5173680,backordered,ATLs001,Wild,US888432,1,Medium,2026-06-18,D2C,2
"<a href=""https://shipper.stord.com/distribution_networks/a5d95507-781a-48fa-8b25-300938c92524/items/8c838cdf-55d8-4031-92eb-7af7484d8143"" target=""_blank"" style=""color:  #1463FF"">WCRS1752</a>",Summer Breeze Sensitive Deodorant Refill,"<a href=""https://shipper.stord.com/distribution_networks/a5d95507-781a-48fa-8b25-300938c92524/orders/76d2cb19-176c-4644-8dc9-831151f130c1"" target=""_blank"" style=""color:  #1463FF"">FF5070163</a>",FF5070163,backordered,ATLs001,Wild,US864170,5,Medium,2026-06-17,D2C,1
"<a href=""https://shipper.stord.com/distribution_networks/a5d95507-781a-48fa-8b25-300938c92524/items/4feb985e-933c-4caa-8ef2-d73c9b3e1f6a"" target=""_blank"" style=""color:  #1463FF"">WCRS1926</a>",Pina Colada sens. 2025 Deo Refill,"<a href=""https://shipper.stord.com/distribution_networks/a5d95507-781a-48fa-8b25-300938c92524/orders/76d2cb19-176c-4644-8dc9-831151f130c1"" target=""_blank"" style=""color:  #1463FF"">FF5070163</a>",FF5070163,backordered,ATLs001,Wild,US864170,10,Medium,2026-06-17,D2C,1
"<a href=""https://shipper.stord.com/distribution_networks/a5d95507-781a-48fa-8b25-300938c92524/items/aa62ff26-9897-4af1-b2f3-e8234168ec75"" target=""_blank"" style=""color:  #1463FF"">WCR02</a>",Coconut & Vanilla Deodorant Refill,"<a href=""https://shipper.stord.com/distribution_networks/a5d95507-781a-48fa-8b25-300938c92524/orders/34b8ae32-c78a-4cbb-b843-f59210e46aff"" target=""_blank"" style=""color:  #1463FF"">FF5133676</a>",FF5133676,backordered,ATLs001,Wild,#5925284,1,Medium,2026-06-17,D2C,2
"<a href=""https://shipper.stord.com/distribution_networks/a5d95507-781a-48fa-8b25-300938c92524/items/d8b158fb-c1d8-40c5-b564-4be6d9f56e5c"" target=""_blank"" style=""color:  #1463FF"">WCRS1924</a>",Coconut Cream sens. Deo Refill,"<a href=""https://shipper.stord.com/distribution_networks/a5d95507-781a-48fa-8b25-300938c92524/orders/bc440496-ac38-4e75-ab89-fc4ed2039c2a"" target=""_blank"" style=""color:  #1463FF"">FF5165133</a>",FF5165133,backordered,ATLs001,Wild,WCS36527,1,Medium,2026-06-17,D2C,1
"<a href=""https://shipper.stord.com/distribution_networks/a5d95507-781a-48fa-8b25-300938c92524/items/c3bc949d-1fc5-4aea-874f-2357a6bbf70f"" target=""_blank"" style=""color:  #1463FF"">WCROL20</a>",Roll On Roller: Purple,"<a href=""https://shipper.stord.com/distribution_networks/a5d95507-781a-48fa-8b25-300938c92524/orders/e76d074c-76fd-4bc2-aec3-5c08af545b48"" target=""_blank"" style=""color:  #1463FF"">FF5166302</a>",FF5166302,backordered,ATLs001,Wild Cosmetics,US886742,1,Medium,2026-06-17,D2C,1
"<a href=""https://shipper.stord.com/distribution_networks/a5d95507-781a-48fa-8b25-300938c92524/items/aa62ff26-9897-4af1-b2f3-e8234168ec75"" target=""_blank"" style=""color:  #1463FF"">WCR02</a>",Coconut & Vanilla Deodorant Refill,"<a href=""https://shipper.stord.com/distribution_networks/a5d95507-781a-48fa-8b25-300938c92524/orders/512faa16-56cf-4f5e-81a5-ecfd4bf9d7e3"" target=""_blank"" style=""color:  #1463FF"">FF5126503</a>",FF5126503,backordered,ATLs001,Wild,#5922784,2,Medium,2026-06-16,D2C,1
"<a href=""https://shipper.stord.com/distribution_networks/a5d95507-781a-48fa-8b25-300938c92524/items/8c838cdf-55d8-4031-92eb-7af7484d8143"" target=""_blank"" style=""color:  #1463FF"">WCRS1752</a>",Summer Breeze Sensitive Deodorant Refill,"<a href=""https://shipper.stord.com/distribution_networks/a5d95507-781a-48fa-8b25-300938c92524/orders/768f7260-6524-41d2-afcc-bb2cb8ba7462"" target=""_blank"" style=""color:  #1463FF"">FF5150425</a>",FF5150425,backordered,ATLs001,Wild,US882099,1,Medium,2026-06-16,D2C,1
"<a href=""https://shipper.stord.com/distribution_networks/a5d95507-781a-48fa-8b25-300938c92524/items/8c838cdf-55d8-4031-92eb-7af7484d8143"" target=""_blank"" style=""color:  #1463FF"">WCRS1752</a>",Summer Breeze Sensitive Deodorant Refill,"<a href=""https://shipper.stord.com/distribution_networks/a5d95507-781a-48fa-8b25-300938c92524/orders/121d3931-527a-49da-9981-42dc578e50b0"" target=""_blank"" style=""color:  #1463FF"">FF5153849</a>",FF5153849,backordered,ATLs001,Wild,US872585R,1,Medium,2026-06-16,D2C,1
"<a href=""https://shipper.stord.com/distribution_networks/a5d95507-781a-48fa-8b25-300938c92524/items/aa62ff26-9897-4af1-b2f3-e8234168ec75"" target=""_blank"" style=""color:  #1463FF"">WCR02</a>",Coconut & Vanilla Deodorant Refill,"<a href=""https://shipper.stord.com/distribution_networks/a5d95507-781a-48fa-8b25-300938c92524/orders/d3e25edd-a091-4de9-bc61-fc32ce5ed0b4"" target=""_blank"" style=""color:  #1463FF"">FF4996101</a>",FF4996101,backordered,ATLs001,Wild,#5881793,6,Medium,2026-06-15,D2C,2
"<a href=""https://shipper.stord.com/distribution_networks/a5d95507-781a-48fa-8b25-300938c92524/items/8c838cdf-55d8-4031-92eb-7af7484d8143"" target=""_blank"" style=""color:  #1463FF"">WCRS1752</a>",Summer Breeze Sensitive Deodorant Refill,"<a href=""https://shipper.stord.com/distribution_networks/a5d95507-781a-48fa-8b25-300938c92524/orders/af5325be-0e97-4c18-806c-d5a1b09be7a2"" target=""_blank"" style=""color:  #1463FF"">FF5138632</a>",FF5138632,backordered,ATLs001,Wild,US879402,3,Medium,2026-06-14,D2C,1
"<a href=""https://shipper.stord.com/distribution_networks/a5d95507-781a-48fa-8b25-300938c92524/items/d8b158fb-c1d8-40c5-b564-4be6d9f56e5c"" target=""_blank"" style=""color:  #1463FF"">WCRS1924</a>",Coconut Cream sens. Deo Refill,"<a href=""https://shipper.stord.com/distribution_networks/a5d95507-781a-48fa-8b25-300938c92524/orders/b1181e2a-a0b5-4081-b931-c10c400df56b"" target=""_blank"" style=""color:  #1463FF"">FF5102053</a>",FF5102053,backordered,ATLs001,Wild,US870961,2,Medium,2026-06-10,D2C,1
"<a href=""https://shipper.stord.com/distribution_networks/a5d95507-781a-48fa-8b25-300938c92524/items/d8b158fb-c1d8-40c5-b564-4be6d9f56e5c"" target=""_blank"" style=""color:  #1463FF"">WCRS1924</a>",Coconut Cream sens. Deo Refill,"<a href=""https://shipper.stord.com/distribution_networks/a5d95507-781a-48fa-8b25-300938c92524/orders/3853fa92-b940-4f6a-98cf-c3e9aed0f15b"" target=""_blank"" style=""color:  #1463FF"">FF5102089</a>",FF5102089,backordered,ATLs001,Wild,US870972,1,Medium,2026-06-10,D2C,3
"<a href=""https://shipper.stord.com/distribution_networks/a5d95507-781a-48fa-8b25-300938c92524/items/d8b158fb-c1d8-40c5-b564-4be6d9f56e5c"" target=""_blank"" style=""color:  #1463FF"">WCRS1924</a>",Coconut Cream sens. Deo Refill,"<a href=""https://shipper.stord.com/distribution_networks/a5d95507-781a-48fa-8b25-300938c92524/orders/8fccfc1d-6f2c-45cb-b14f-3f1bbaf14e21"" target=""_blank"" style=""color:  #1463FF"">FF5102167</a>",FF5102167,backordered,ATLs001,Wild,US870985,1,Medium,2026-06-10,D2C,1
"<a href=""https://shipper.stord.com/distribution_networks/a5d95507-781a-48fa-8b25-300938c92524/items/d8b158fb-c1d8-40c5-b564-4be6d9f56e5c"" target=""_blank"" style=""color:  #1463FF"">WCRS1924</a>",Coconut Cream sens. Deo Refill,"<a href=""https://shipper.stord.com/distribution_networks/a5d95507-781a-48fa-8b25-300938c92524/orders/64f0eba5-607b-46bb-98f3-31a58d9aa79b"" target=""_blank"" style=""color:  #1463FF"">FF5102221</a>",FF5102221,backordered,ATLs001,Wild,US870988,1,Medium,2026-06-10,D2C,1
"<a href=""https://shipper.stord.com/distribution_networks/a5d95507-781a-48fa-8b25-300938c92524/items/54b1a6d7-07fc-4c09-938b-3dad6e22b9f5"" target=""_blank"" style=""color:  #1463FF"">WCRS1894</a>",Cola sens. Deodorant Refill,"<a href=""https://shipper.stord.com/distribution_networks/a5d95507-781a-48fa-8b25-300938c92524/orders/64f0eba5-607b-46bb-98f3-31a58d9aa79b"" target=""_blank"" style=""color:  #1463FF"">FF5102221</a>",FF5102221,backordered,ATLs001,Wild,US870988,6,Medium,2026-06-10,D2C,1
"<a href=""https://shipper.stord.com/distribution_networks/a5d95507-781a-48fa-8b25-300938c92524/items/d8b158fb-c1d8-40c5-b564-4be6d9f56e5c"" target=""_blank"" style=""color:  #1463FF"">WCRS1924</a>",Coconut Cream sens. Deo Refill,"<a href=""https://shipper.stord.com/distribution_networks/a5d95507-781a-48fa-8b25-300938c92524/orders/90e0c04f-30ce-4ba8-8f7f-2b11e989c092"" target=""_blank"" style=""color:  #1463FF"">FF5102279</a>",FF5102279,backordered,ATLs001,Wild,US870991,2,Medium,2026-06-10,D2C,1
"<a href=""https://shipper.stord.com/distribution_networks/a5d95507-781a-48fa-8b25-300938c92524/items/d8b158fb-c1d8-40c5-b564-4be6d9f56e5c"" target=""_blank"" style=""color:  #1463FF"">WCRS1924</a>",Coconut Cream sens. Deo Refill,"<a href=""https://shipper.stord.com/distribution_networks/a5d95507-781a-48fa-8b25-300938c92524/orders/ce4ce83d-c163-409e-a6d2-6c6f3a4e1ed3"" target=""_blank"" style=""color:  #1463FF"">FF5103333</a>",FF5103333,backordered,ATLs001,Wild,US871018,3,Medium,2026-06-10,D2C,1
"<a href=""https://shipper.stord.com/distribution_networks/a5d95507-781a-48fa-8b25-300938c92524/items/d8b158fb-c1d8-40c5-b564-4be6d9f56e5c"" target=""_blank"" style=""color:  #1463FF"">WCRS1924</a>",Coconut Cream sens. Deo Refill,"<a href=""https://shipper.stord.com/distribution_networks/a5d95507-781a-48fa-8b25-300938c92524/orders/a49e56d0-3c47-4b8a-9c43-cb599aba2b1b"" target=""_blank"" style=""color:  #1463FF"">FF5103391</a>",FF5103391,backordered,ATLs001,Wild,US871021,1,Medium,2026-06-10,D2C,1
"<a href=""https://shipper.stord.com/distribution_networks/a5d95507-781a-48fa-8b25-300938c92524/items/d8b158fb-c1d8-40c5-b564-4be6d9f56e5c"" target=""_blank"" style=""color:  #1463FF"">WCRS1924</a>",Coconut Cream sens. Deo Refill,"<a href=""https://shipper.stord.com/distribution_networks/a5d95507-781a-48fa-8b25-300938c92524/orders/4c842333-3498-4881-bfcb-c4a4e3159161"" target=""_blank"" style=""color:  #1463FF"">FF5103531</a>",FF5103531,backordered,ATLs001,Wild,US871029,3,Medium,2026-06-10,D2C,1
"<a href=""https://shipper.stord.com/distribution_networks/a5d95507-781a-48fa-8b25-300938c92524/items/d8b158fb-c1d8-40c5-b564-4be6d9f56e5c"" target=""_blank"" style=""color:  #1463FF"">WCRS1924</a>",Coconut Cream sens. Deo Refill,"<a href=""https://shipper.stord.com/distribution_networks/a5d95507-781a-48fa-8b25-300938c92524/orders/b2a20326-6c9f-40b1-9551-8844ca66d320"" target=""_blank"" style=""color:  #1463FF"">FF5103669</a>",FF5103669,backordered,ATLs001,Wild,US871040,2,Medium,2026-06-10,D2C,1
"<a href=""https://shipper.stord.com/distribution_networks/a5d95507-781a-48fa-8b25-300938c92524/items/d8b158fb-c1d8-40c5-b564-4be6d9f56e5c"" target=""_blank"" style=""color:  #1463FF"">WCRS1924</a>",Coconut Cream sens. Deo Refill,"<a href=""https://shipper.stord.com/distribution_networks/a5d95507-781a-48fa-8b25-300938c92524/orders/ab2bc7cc-be03-4ddf-b593-647098da108a"" target=""_blank"" style=""color:  #1463FF"">FF5103691</a>",FF5103691,backordered,ATLs001,Wild,US871043,2,Medium,2026-06-10,D2C,1
"<a href=""https://shipper.stord.com/distribution_networks/a5d95507-781a-48fa-8b25-300938c92524/items/6910ed33-2686-4434-b45d-1c71965906ce"" target=""_blank"" style=""color:  #1463FF"">WCR1919</a>",Vanilla Butterscotch Deo Refill,"<a href=""https://shipper.stord.com/distribution_networks/a5d95507-781a-48fa-8b25-300938c92524/orders/4c962ee9-20c4-4dc2-be7c-84d99ebeff50"" target=""_blank"" style=""color:  #1463FF"">FF5103732</a>",FF5103732,backordered,ATLs001,Wild,US871048,1,Medium,2026-06-10,D2C,1
"<a href=""https://shipper.stord.com/distribution_networks/a5d95507-781a-48fa-8b25-300938c92524/items/d8b158fb-c1d8-40c5-b564-4be6d9f56e5c"" target=""_blank"" style=""color:  #1463FF"">WCRS1924</a>",Coconut Cream sens. Deo Refill,"<a href=""https://shipper.stord.com/distribution_networks/a5d95507-781a-48fa-8b25-300938c92524/orders/4c962ee9-20c4-4dc2-be7c-84d99ebeff50"" target=""_blank"" style=""color:  #1463FF"">FF5103732</a>",FF5103732,backordered,ATLs001,Wild,US871048,4,Medium,2026-06-10,D2C,1
"<a href=""https://shipper.stord.com/distribution_networks/a5d95507-781a-48fa-8b25-300938c92524/items/d8b158fb-c1d8-40c5-b564-4be6d9f56e5c"" target=""_blank"" style=""color:  #1463FF"">WCRS1924</a>",Coconut Cream sens. Deo Refill,"<a href=""https://shipper.stord.com/distribution_networks/a5d95507-781a-48fa-8b25-300938c92524/orders/c68a2509-18f6-495b-ad97-bddf349adab4"" target=""_blank"" style=""color:  #1463FF"">FF5103826</a>",FF5103826,backordered,ATLs001,Wild,US871055,1,Medium,2026-06-10,D2C,1
"<a href=""https://shipper.stord.com/distribution_networks/a5d95507-781a-48fa-8b25-300938c92524/items/d8b158fb-c1d8-40c5-b564-4be6d9f56e5c"" target=""_blank"" style=""color:  #1463FF"">WCRS1924</a>",Coconut Cream sens. Deo Refill,"<a href=""https://shipper.stord.com/distribution_networks/a5d95507-781a-48fa-8b25-300938c92524/orders/7bf4f2cb-d7f7-4a0d-ac1c-ac5958f7b749"" target=""_blank"" style=""color:  #1463FF"">FF5103866</a>",FF5103866,backordered,ATLs001,Wild,US871031,2,Medium,2026-06-10,D2C,1
"<a href=""https://shipper.stord.com/distribution_networks/a5d95507-781a-48fa-8b25-300938c92524/items/d8b158fb-c1d8-40c5-b564-4be6d9f56e5c"" target=""_blank"" style=""color:  #1463FF"">WCRS1924</a>",Coconut Cream sens. Deo Refill,"<a href=""https://shipper.stord.com/distribution_networks/a5d95507-781a-48fa-8b25-300938c92524/orders/f880b7e9-3be2-40c7-a3c2-94531689a284"" target=""_blank"" style=""color:  #1463FF"">FF5103867</a>",FF5103867,backordered,ATLs001,Wild,US871058,1,Medium,2026-06-10,D2C,2
"<a href=""https://shipper.stord.com/distribution_networks/a5d95507-781a-48fa-8b25-300938c92524/items/d8b158fb-c1d8-40c5-b564-4be6d9f56e5c"" target=""_blank"" style=""color:  #1463FF"">WCRS1924</a>",Coconut Cream sens. Deo Refill,"<a href=""https://shipper.stord.com/distribution_networks/a5d95507-781a-48fa-8b25-300938c92524/orders/092f601c-a896-42a9-ab55-b332f49e9157"" target=""_blank"" style=""color:  #1463FF"">FF5097189</a>",FF5097189,backordered,ATLs001,Wild,US869518,10,Medium,2026-06-09,D2C,1
"<a href=""https://shipper.stord.com/distribution_networks/a5d95507-781a-48fa-8b25-300938c92524/items/d8b158fb-c1d8-40c5-b564-4be6d9f56e5c"" target=""_blank"" style=""color:  #1463FF"">WCRS1924</a>",Coconut Cream sens. Deo Refill,"<a href=""https://shipper.stord.com/distribution_networks/a5d95507-781a-48fa-8b25-300938c92524/orders/329b9c1e-4877-42f0-8bf5-8b3022c4c04d"" target=""_blank"" style=""color:  #1463FF"">FF5083390</a>",FF5083390,backordered,ATLs001,Wild,US866786,3,Medium,2026-06-08,D2C,1
"<a href=""https://shipper.stord.com/distribution_networks/a5d95507-781a-48fa-8b25-300938c92524/items/b8f3565d-5816-473b-8429-3145288ebd0b"" target=""_blank"" style=""color:  #1463FF"">WCR2260</a>",Wildflower Bloom Deo Refill,"<a href=""https://shipper.stord.com/distribution_networks/a5d95507-781a-48fa-8b25-300938c92524/orders/19f5f499-7844-4e04-b01c-fa4d4fdfa24f"" target=""_blank"" style=""color:  #1463FF"">FF5025489</a>",FF5025489,backordered,ATLs001,Wild,US855742,8,Medium,2026-06-02,D2C,6